{
	"sites": {
		"altadefinizione1": "https://altadefinizione.group/",
		"altadefinizione2": "https://www.altadefinizione01.coffee/",
		"altadefinizione3": "https://www.altadefinizione01.photo/",
		"altadefinizione4": "https://altadefinizione.care",
		"altadefinizione5": "https://altadefinizione.sh/",
		"altadefinizione6": "https://altadefinizione.la/",
		"animeleggendari": "https://animepertutti.com/",
		"cineblog01": "https://cineblog01.love/",
		"eurostreaming1": "https://eurostreaming.cloud/",
		"ilgeniodellostreaming1": "https://ilgeniodellostreaming.gy/",
		"ilgeniodellostreaming2": "https://ilgeniodellostreaming.cam/",
		"seriehd": "https://www.seriehd.digital/",
		"serietvu": "https://www.serietvu.link/",
		"tantifilm": "https://www.tantifilm.cam/"
	}
}